"Number","Time (seconds)","Distance (meters)","Pace (seconds)","Watts","Cal/Hr","Stroke Rate","Heart Rate"
"1","3.9","11.9","177.3","63","516","0","0"
"2","6.9","22.0","158.0","89","605","20","0"
"3","9.9","32.7","148.4","107","668","20","0"
"4","12.9","43.8","140.1","127","738","20","0"
"5","15.9","54.8","136.4","138","774","20","0"
"6","18.9","66.2","135.4","141","785","20","0"
"7","22.4","79.9","130.8","156","838","20","0"
"8","25.4","91.4","130.6","157","840","19","0"
"9","28.4","103.1","128.7","164","865","20","0"
"10","31.4","114.8","128.7","164","865","20","0"
"11","34.4","126.4","129.1","163","859","20","0"
"12","37.4","138.0","129.2","162","858","19","0"
"13","40.4","149.6","130.3","158","844","20","0"
"14","43.5","161.2","130.3","158","844","20","0"
"15","46.5","172.8","129.4","162","855","20","0"
"16","49.4","184.4","130.0","159","848","20","0"
"17","52.5","195.9","129.6","161","853","20","0"
"18","56.0","209.6","131.1","155","834","20","0"
"19","59.0","221.0","131.1","155","834","19","0"
"20","62.0","232.5","131.1","155","834","19","0"
"21","65.0","244.1","130.0","159","848","19","0"
"22","68.0","255.8","129.8","160","850","19","0"
"23","71.0","267.4","128.9","163","862","20","0"
"24","74.0","279.3","129.1","163","859","19","0"
"25","77.0","291.1","127.2","170","885","20","0"
"26","80.0","302.7","127.9","167","875","20","0"
"27","83.0","314.2","129.6","161","853","20","0"
"28","86.5","327.9","130.7","157","839","20","0"
"29","89.5","339.2","133.5","147","806","20","0"
"30","92.5","350.7","130.8","156","838","20","0"
"31","95.5","362.2","130.7","157","839","20","0"
"32","98.5","373.5","130.7","157","839","20","0"
"33","101.5","385.0","131.6","154","828","19","0"
"34","104.5","396.5","131.3","155","832","20","0"
"35","107.5","407.9","130.6","157","840","19","0"
"36","111.0","421.6","131.0","156","835","19","0"
"37","114.0","433.1","130.2","159","845","20","0"
"38","117.0","444.7","130.0","159","848","20","0"
"39","120.0","456.3","130.0","159","848","20","0"
"40","123.0","467.9","129.6","161","853","20","0"
"41","126.0","479.5","129.5","161","854","20","0"
"42","129.1","491.3","129.4","162","855","19","0"
"43","132.6","505.2","128.5","165","867","19","0"
"44","135.6","516.9","126.9","171","889","19","0"
"45","138.6","529.0","125.4","177","910","20","0"
"46","141.6","540.8","125.4","177","910","20","0"
"47","144.6","552.5","126.5","173","895","19","0"
"48","148.1","566.5","127.7","168","878","19","0"
"49","151.1","578.1","127.7","168","878","19","0"
"50","154.1","589.9","127.6","168","879","19","0"
"51","157.6","604.1","126.8","172","890","19","0"
"52","160.6","615.8","126.8","172","890","19","0"
"53","163.6","627.6","127.0","171","888","19","0"
"54","167.1","641.6","127.2","170","885","19","0"
"55","170.1","653.4","126.8","172","890","20","0"
"56","173.1","665.4","126.8","172","890","20","0"
"57","176.1","677.2","126.2","174","899","19","0"
"58","179.1","689.0","126.7","172","892","19","0"
"59","182.6","703.0","127.4","169","882","19","0"
"60","185.6","714.7","127.4","169","882","19","0"
"61","188.6","726.6","127.0","171","888","19","0"
"62","191.6","738.4","127.0","171","888","19","0"
"63","195.1","752.5","126.5","173","895","20","0"
"64","198.1","764.3","126.1","175","900","19","0"
"65","201.1","776.2","126.1","175","900","19","0"
"66","204.2","788.2","126.2","174","899","19","0"
"67","207.7","802.2","125.6","177","907","19","0"
"68","210.7","814.0","126.5","173","895","19","0"
"69","213.7","825.9","126.6","172","893","19","0"
"70","216.7","837.8","125.9","175","903","20","0"
"71","220.2","851.6","129.1","163","859","19","0"
"72","223.2","863.1","129.1","163","859","19","0"
"73","226.2","874.8","129.3","162","857","19","0"
"74","229.1","886.5","128.6","165","866","19","0"
"75","232.7","900.4","127.6","168","879","19","0"
"76","235.7","912.3","127.2","170","885","20","0"
"77","238.7","924.3","125.4","177","910","20","0"
"78","241.7","936.2","125.4","177","910","20","0"
"79","244.6","947.9","125.8","176","905","20","0"
"80","248.2","961.9","128.0","167","874","19","0"
"81","251.2","973.5","128.0","167","874","19","0"
"82","254.2","985.2","127.7","168","878","19","0"
"83","257.7","999.1","128.0","167","874","19","0"
"84","260.7","1010.9","127.5","169","881","20","0"
"85","263.7","1022.7","127.0","171","888","20","0"
"86","266.7","1034.5","127.0","171","888","20","0"
"87","269.7","1046.4","126.3","174","897","19","0"
"88","272.7","1058.1","126.5","173","895","19","0"
"89","276.1","1071.9","127.5","169","881","19","0"
"90","279.2","1083.4","129.2","162","858","19","0"
"91","282.7","1097.2","128.4","165","869","19","0"
"92","285.7","1108.9","128.4","165","869","19","0"
"93","288.7","1120.4","128.4","165","869","19","0"
"94","292.1","1134.3","127.9","167","875","19","0"
"95","295.2","1146.2","127.9","167","875","19","0"
"96","298.1","1157.9","126.4","173","896","19","0"
"97","301.2","1169.7","127.3","170","883","19","0"
"98","304.7","1183.9","126.2","174","899","19","0"
"99","307.7","1195.7","126.2","174","899","19","0"
"100","310.6","1207.5","126.6","172","893","19","0"
"101","313.6","1219.2","126.7","172","892","19","0"
"102","317.1","1233.3","126.7","172","892","19","0"
"103","320.1","1245.1","126.7","172","892","19","0"
"104","323.2","1257.0","126.6","172","893","19","0"
"105","326.6","1271.0","126.6","172","893","19","0"
"106","329.7","1282.9","126.3","174","897","20","0"
"107","332.7","1294.8","126.3","174","897","20","0"
"108","335.7","1306.8","126.2","174","899","19","0"
"109","338.6","1318.6","125.6","177","907","20","0"
"110","341.6","1330.3","126.4","173","896","19","0"
"111","345.1","1344.3","127.6","168","879","19","0"
"112","348.1","1356.1","127.1","170","886","20","0"
"113","351.1","1367.9","127.1","170","886","20","0"
"114","354.1","1379.8","126.9","171","889","19","0"
"115","357.1","1391.6","126.1","175","900","20","0"
"116","360.1","1403.5","127.0","171","888","20","0"
"117","363.1","1415.4","127.1","170","886","20","0"
"118","366.1","1427.5","125.6","177","907","20","0"
"119","369.2","1439.6","124.8","180","919","20","0"
"120","372.2","1451.7","124.9","180","918","20","0"
"121","375.1","1463.6","125.0","179","916","20","0"
"122","378.1","1475.5","125.7","176","906","20","0"
"123","381.1","1487.3","126.2","174","899","20","0"
"124","384.1","1499.1","127.3","170","883","19","0"
"125","387.1","1510.8","127.8","168","877","20","0"
"126","390.6","1525.0","126.3","174","897","20","0"
"127","393.6","1536.8","126.9","171","889","19","0"
"128","396.1","1546.6","126.9","171","889","19","0"
"129","398.6","1557.3","125.0","179","916","21","0"
"130","401.1","1568.5","117.8","214","1036","26","0"
"131","403.7","1579.5","112.5","246","1146","25","0"
"132","406.1","1590.2","114.7","232","1098","24","0"
"133","408.6","1600.9","116.6","221","1059","24","0"
"134","411.1","1611.8","115.9","225","1073","24","0"
"135","413.6","1622.6","115.9","225","1073","24","0"
"136","416.1","1633.4","115.7","226","1077","23","0"
"137","418.6","1644.3","115.3","228","1085","23","0"
"138","421.6","1656.9","115.1","230","1089","23","0"
"139","424.6","1668.6","129.8","160","850","21","0"
"140","427.6","1680.0","131.4","154","830","20","0"
"141","430.1","1689.4","131.4","154","830","20","0"
"142","433.1","1700.9","131.7","153","827","21","0"
"143","436.1","1712.5","130.6","157","840","21","0"
"144","439.1","1724.0","131.1","155","834","21","0"
"145","441.6","1733.3","131.1","155","834","21","0"
"146","444.6","1744.9","131.4","154","830","21","0"
"147","447.6","1756.7","130.6","157","840","21","0"
"148","450.6","1768.4","128.4","165","869","21","0"
"149","453.6","1780.1","129.3","162","857","20","0"
"150","456.6","1791.7","129.1","163","859","20","0"
"151","459.6","1803.4","129.1","163","859","20","0"
"152","462.6","1815.1","129.1","163","859","20","0"
"153","465.6","1827.0","128.0","167","874","20","0"
"154","468.6","1838.7","126.9","171","889","20","0"
"155","471.6","1850.7","127.1","170","886","20","0"
"156","474.6","1862.5","126.0","175","902","20","0"
"157","477.6","1874.4","127.7","168","878","20","0"
"158","480.6","1886.3","125.9","175","903","20","0"
"159","483.6","1898.1","126.5","173","895","20","0"
"160","486.6","1909.9","127.3","170","883","20","0"
"161","490.1","1923.7","128.4","165","869","19","0"
"162","493.1","1935.3","128.4","165","869","19","0"
"163","496.1","1946.9","129.5","161","854","19","0"
"164","499.1","1958.7","129.4","162","855","20","0"
"165","502.1","1970.4","128.3","166","870","20","0"
"166","505.1","1982.1","127.4","169","882","20","0"
"167","508.1","1993.7","129.1","163","859","20","0"
"168","511.1","2005.4","129.3","162","857","19","0"
"169","514.1","2017.0","129.8","160","850","21","0"
"170","517.1","2028.8","128.6","165","866","20","0"
"171","520.1","2040.4","127.7","168","878","20","0"
"172","523.1","2052.0","129.1","163","859","20","0"
"173","526.1","2063.7","128.9","163","862","20","0"
"174","529.1","2075.4","128.8","164","863","20","0"
"175","532.6","2089.3","128.2","166","871","19","0"
"176","535.6","2100.9","128.2","166","871","19","0"
"177","538.6","2112.6","129.4","162","855","19","0"
"178","541.6","2124.4","128.4","165","869","20","0"
"179","544.6","2136.3","126.8","172","890","19","0"
"180","547.6","2148.0","127.2","170","885","20","0"
"181","550.6","2159.9","127.2","170","885","20","0"
"182","554.1","2174.2","125.1","179","915","19","0"
"183","557.1","2186.4","124.6","181","922","20","0"
"184","560.1","2198.5","124.3","182","927","20","0"
"185","563.1","2210.5","124.3","182","927","19","0"
"186","566.1","2222.5","125.6","177","907","20","0"
"187","569.1","2234.5","125.2","178","913","20","0"
"188","572.1","2246.6","125.4","177","910","20","0"
"189","575.1","2258.4","125.4","177","910","20","0"
"190","578.1","2270.3","126.6","172","893","20","0"
"191","581.1","2282.1","126.1","175","900","20","0"
"192","584.1","2294.0","126.8","172","890","20","0"
"193","587.1","2305.9","126.8","172","890","20","0"
"194","590.1","2318.0","125.5","177","909","20","0"
"195","593.1","2330.0","124.8","180","919","20","0"
"196","596.1","2342.0","125.4","177","910","20","0"
"197","599.1","2354.1","125.4","177","910","20","0"
"198","602.1","2366.0","124.8","180","919","20","0"
"199","605.6","2380.3","125.3","178","912","19","0"
"200","608.6","2392.2","125.3","178","912","19","0"
"201","611.6","2404.1","125.3","178","912","19","0"
"202","614.6","2416.2","125.4","177","910","21","0"
"203","617.6","2428.2","125.5","177","909","20","0"
"204","620.6","2440.1","125.5","177","909","20","0"
"205","623.6","2452.0","125.5","177","909","20","0"
"206","626.6","2463.9","125.6","177","907","19","0"
"207","629.6","2475.6","126.9","171","889","19","0"
"208","632.6","2487.6","127.1","170","886","20","0"
"209","635.6","2499.5","126.7","172","892","20","0"
"210","638.6","2511.2","127.0","171","888","21","0"
"211","641.6","2522.9","128.0","167","874","20","0"
"212","644.6","2534.7","128.0","167","874","20","0"
"213","647.6","2546.5","128.2","166","871","20","0"
"214","650.6","2558.2","127.6","168","879","20","0"
"215","653.6","2569.9","128.3","166","870","20","0"
"216","656.6","2581.6","128.6","165","866","20","0"
"217","660.1","2595.5","128.3","166","870","20","0"
"218","662.6","2605.1","128.3","166","870","20","0"
"219","665.6","2617.1","127.4","169","882","20","0"
"220","668.6","2629.2","125.3","178","912","20","0"
"221","671.6","2641.3","124.8","180","919","21","0"
"222","674.6","2653.5","124.2","183","928","20","0"
"223","677.6","2665.5","124.3","182","927","20","0"
"224","680.6","2677.8","124.5","181","924","20","0"
"225","683.6","2690.0","123.1","188","945","20","0"
"226","686.6","2702.2","123.6","185","937","21","0"
"227","689.6","2714.4","123.2","187","944","21","0"
"228","692.6","2726.8","122.8","189","950","21","0"
"229","695.1","2737.1","122.8","189","950","21","0"
"230","698.1","2749.6","120.4","201","990","22","0"
"231","701.1","2761.8","121.0","198","979","21","0"
"232","704.1","2774.0","122.9","189","948","20","0"
"233","707.1","2786.2","123.2","187","944","20","0"
"234","710.1","2798.2","123.7","185","936","20","0"
"235","713.1","2810.4","125.1","179","915","20","0"
"236","716.1","2822.5","124.7","180","921","20","0"
"237","719.1","2834.5","124.5","181","924","20","0"
"238","722.1","2846.6","124.5","181","924","20","0"
"239","725.1","2858.7","124.4","182","925","20","0"
"240","728.1","2870.8","124.8","180","919","21","0"
"241","731.1","2882.8","125.0","179","916","20","0"
"242","733.6","2892.5","125.0","179","916","20","0"
"243","736.6","2904.5","125.9","175","903","21","0"
"244","739.6","2916.5","125.8","176","905","20","0"
"245","742.6","2928.4","126.0","175","902","20","0"
"246","745.6","2940.4","125.9","175","903","20","0"
"247","749.1","2954.7","125.1","179","915","20","0"
"248","752.1","2966.8","124.2","183","928","20","0"
"249","755.1","2978.8","125.3","178","912","20","0"
"250","758.1","2990.7","125.7","176","906","20","0"
"251","761.1","3002.6","126.2","174","899","20","0"
"252","764.1","3014.5","126.5","173","895","20","0"
"253","766.6","3024.3","126.5","173","895","20","0"
"254","769.6","3036.3","126.5","173","895","20","0"
"255","772.6","3048.4","125.8","176","905","21","0"
"256","775.6","3060.3","126.2","174","899","21","0"
"257","778.6","3072.2","127.0","171","888","20","0"
"258","781.1","3082.0","127.0","171","888","20","0"
"259","784.1","3094.0","126.4","173","896","21","0"
"260","787.1","3105.8","125.5","177","909","20","0"
"261","790.1","3117.7","127.0","171","888","20","0"
"262","793.1","3129.7","127.0","171","888","20","0"
"263","796.1","3141.4","126.3","174","897","20","0"
"264","799.1","3153.1","128.1","167","873","20","0"
"265","802.1","3165.0","127.8","168","877","19","0"
"266","805.1","3176.9","125.9","175","903","20","0"
"267","808.1","3188.8","127.2","170","885","20","0"
"268","811.1","3200.5","126.9","171","889","20","0"
"269","814.1","3212.5","127.5","169","881","20","0"
"270","817.1","3224.5","126.2","174","899","20","0"
"271","820.6","3238.5","126.8","172","890","20","0"
"272","823.6","3250.4","126.7","172","892","20","0"
"273","826.6","3262.2","127.0","171","888","20","0"
"274","829.6","3274.1","127.0","171","888","20","0"
"275","832.6","3286.0","127.0","171","888","20","0"
"276","835.1","3295.7","127.0","171","888","20","0"
"277","838.1","3307.7","125.8","176","905","21","0"
"278","841.1","3319.7","126.0","175","902","20","0"
"279","844.1","3331.6","125.6","177","907","20","0"
"280","847.1","3343.5","126.3","174","897","20","0"
"281","850.1","3355.5","126.4","173","896","20","0"
"282","853.1","3367.4","125.9","175","903","21","0"
"283","856.1","3379.3","126.0","175","902","20","0"
"284","859.1","3391.2","126.3","174","897","20","0"
"285","862.1","3403.1","126.5","173","895","20","0"
"286","865.1","3415.0","126.1","175","900","20","0"
"287","868.1","3427.0","126.3","174","897","20","0"
"288","871.1","3439.0","126.1","175","900","20","0"
"289","874.6","3453.1","126.3","174","897","20","0"
"290","877.6","3465.1","125.4","177","910","20","0"
"291","880.6","3477.1","124.4","182","925","20","0"
"292","883.6","3489.2","124.4","182","925","20","0"
"293","886.6","3501.4","124.4","182","925","20","0"
"294","889.6","3513.4","124.2","183","928","20","0"
"295","892.6","3525.4","124.5","181","924","20","0"
"296","895.6","3537.5","125.9","175","903","21","0"
"297","898.6","3549.4","126.1","175","900","20","0"
"298","901.6","3561.3","127.0","171","888","20","0"
"299","904.6","3573.1","127.5","169","881","20","0"
"300","907.6","3584.9","126.4","173","896","20","0"
"301","910.6","3596.9","126.5","173","895","20","0"
"302","913.6","3608.9","125.1","179","915","20","0"
"303","916.6","3621.0","124.8","180","919","20","0"
"304","919.6","3632.9","125.5","177","909","20","0"
"305","922.6","3644.8","126.5","173","895","20","0"
"306","925.6","3656.7","126.5","173","895","20","0"
"307","928.6","3668.8","125.3","178","912","21","0"
"308","931.1","3678.5","125.3","178","912","21","0"
"309","934.1","3690.6","125.6","177","907","21","0"
"310","937.1","3702.6","125.2","178","913","20","0"
"311","940.1","3714.9","125.1","179","915","21","0"
"312","943.1","3727.1","124.1","183","930","21","0"
"313","945.6","3736.8","124.1","183","930","21","0"
"314","948.6","3748.6","125.6","177","907","20","0"
"315","951.6","3760.5","127.2","170","885","20","0"
"316","954.6","3772.3","127.6","168","879","20","0"
"317","957.6","3784.1","127.2","170","885","21","0"
"318","960.6","3796.0","126.9","171","889","20","0"
"319","963.6","3807.8","127.4","169","882","20","0"
"320","966.6","3819.9","127.4","169","882","20","0"
"321","969.6","3831.9","125.4","177","910","20","0"
"322","972.6","3843.8","125.3","178","912","21","0"
"323","975.6","3855.8","126.0","175","902","20","0"
"324","978.6","3867.7","125.7","176","906","20","0"
"325","981.6","3879.7","125.6","177","907","20","0"
"326","984.6","3891.7","125.8","176","905","20","0"
"327","987.6","3903.6","125.9","175","903","20","0"
"328","990.6","3915.5","126.2","174","899","20","0"
"329","993.6","3927.5","126.3","174","897","19","0"
"330","996.6","3939.5","125.7","176","906","20","0"
"331","999.6","3951.4","125.9","175","903","20","0"
"332","1002.6","3963.4","126.4","173","896","20","0"
"333","1005.6","3975.5","124.8","180","919","21","0"
"334","1008.6","3987.5","125.3","178","912","20","0"
"335","1011.1","3997.3","125.3","178","912","20","0"
"336","1014.1","4009.4","124.9","180","918","21","0"
"337","1017.1","4021.3","125.6","177","907","21","0"
"338","1020.1","4033.3","126.7","172","892","20","0"
"339","1023.1","4045.3","126.3","174","897","21","0"
"340","1026.1","4057.1","125.5","177","909","20","0"
"341","1029.1","4069.0","126.8","172","890","21","0"
"342","1031.6","4078.9","126.8","172","890","21","0"
"343","1034.6","4090.9","125.5","177","909","21","0"
"344","1037.6","4103.0","125.0","179","916","20","0"
"345","1040.6","4114.9","125.5","177","909","20","0"
"346","1043.6","4126.8","126.8","172","890","20","0"
"347","1046.6","4138.8","125.8","176","905","20","0"
"348","1049.6","4150.8","126.0","175","902","20","0"
"349","1052.6","4162.7","125.9","175","903","20","0"
"350","1055.6","4174.5","126.6","172","893","20","0"
"351","1058.6","4186.4","126.5","173","895","20","0"
"352","1061.6","4198.2","126.4","173","896","20","0"
"353","1064.6","4210.1","127.2","170","885","19","0"
"354","1067.6","4222.1","126.1","175","900","20","0"
"355","1070.6","4234.2","125.3","178","912","20","0"
"356","1073.6","4246.2","125.2","178","913","20","0"
"357","1076.6","4258.1","126.0","175","902","20","0"
"358","1079.6","4270.2","125.2","178","913","20","0"
"359","1082.6","4282.1","125.5","177","909","20","0"
"360","1085.6","4293.8","126.6","172","893","20","0"
"361","1088.6","4305.6","128.3","166","870","20","0"
"362","1091.6","4317.5","127.2","170","885","20","0"
"363","1094.6","4329.4","126.2","174","899","20","0"
"364","1097.6","4341.4","126.8","172","890","20","0"
"365","1100.6","4353.1","126.4","173","896","20","0"
"366","1103.6","4365.0","128.0","167","874","20","0"
"367","1106.6","4376.9","127.2","170","885","20","0"
"368","1109.6","4388.8","126.6","172","893","20","0"
"369","1112.1","4398.6","126.4","173","896","20","0"
"370","1115.1","4410.6","125.9","175","903","22","0"
"371","1118.1","4422.4","126.6","172","893","20","0"
"372","1121.1","4434.4","127.1","170","886","21","0"
"373","1124.1","4446.4","126.9","171","889","21","0"
"374","1126.6","4455.9","126.9","171","889","21","0"
"375","1130.1","4469.8","128.2","166","871","20","0"
"376","1133.1","4481.5","128.6","165","866","20","0"
"377","1136.1","4493.3","127.9","167","875","20","0"
"378","1139.1","4504.9","127.9","167","875","20","0"
"379","1142.1","4516.6","128.0","167","874","20","0"
"380","1145.1","4528.1","129.3","162","857","20","0"
"381","1148.1","4539.7","130.6","157","840","21","0"
"382","1150.6","4549.2","130.6","157","840","21","0"
"383","1153.6","4560.9","129.2","162","858","21","0"
"384","1156.6","4572.6","129.3","162","857","20","0"
"385","1159.6","4584.2","129.0","163","861","20","0"
"386","1162.6","4596.0","128.7","164","865","20","0"
"387","1165.6","4607.8","128.0","167","874","20","0"
"388","1168.6","4619.5","128.2","166","871","20","0"
"389","1171.6","4631.2","129.2","162","858","20","0"
"390","1174.6","4643.1","127.9","167","875","20","0"
"391","1177.6","4654.8","127.2","170","885","20","0"
"392","1180.6","4666.6","127.8","168","877","20","0"
"393","1183.6","4678.3","127.6","168","879","20","0"
"394","1186.6","4690.2","127.9","167","875","20","0"
"395","1189.6","4702.2","126.7","172","892","20","0"
"396","1192.6","4714.1","126.5","173","895","20","0"
"397","1195.6","4725.9","126.8","172","890","20","0"
"398","1198.6","4737.5","127.8","168","877","20","0"
"399","1201.6","4749.3","128.2","166","871","20","0"
"400","1204.6","4761.1","128.1","167","873","20","0"
"401","1207.6","4772.8","127.5","169","881","20","0"
"402","1210.6","4784.7","127.9","167","875","20","0"
"403","1213.6","4796.6","127.5","169","881","20","0"
"404","1216.6","4808.5","126.0","175","902","20","0"
"405","1219.6","4820.4","126.0","175","902","20","0"
"406","1222.6","4832.3","126.7","172","892","20","0"
"407","1225.6","4844.1","127.5","169","881","20","0"
"408","1228.6","4855.9","127.2","170","885","20","0"
"409","1231.6","4867.6","127.5","169","881","20","0"
"410","1234.6","4879.2","128.7","164","865","20","0"
"411","1237.6","4890.7","129.9","160","849","19","0"
"412","1241.1","4904.5","129.1","163","859","19","0"
"413","1244.1","4916.1","129.7","160","852","20","0"
"414","1247.1","4927.6","129.7","160","852","20","0"
"415","1250.1","4939.2","129.5","161","854","19","0"
"416","1253.6","4952.9","129.4","162","855","19","0"
"417","1256.6","4964.5","129.4","162","855","19","0"
"418","1259.6","4976.0","129.8","160","850","19","0"
"419","1263.1","4989.8","128.8","164","863","19","0"
"420","1266.1","5001.5","127.8","168","877","19","0"
"421","1269.1","5013.2","127.8","168","877","19","0"
"422","1272.1","5025.1","128.3","166","870","20","0"
"423","1275.1","5036.8","127.5","169","881","20","0"
"424","1278.1","5048.4","127.4","169","882","19","0"
"425","1281.1","5060.2","128.6","165","866","19","0"
"426","1284.6","5074.1","128.1","167","873","19","0"
"427","1287.6","5085.7","128.1","167","873","19","0"
"428","1290.6","5097.3","129.2","162","858","19","0"
"429","1293.6","5109.0","128.2","166","871","19","0"
"430","1297.1","5123.2","126.5","173","895","19","0"
"431","1300.1","5135.0","126.3","174","897","19","0"
"432","1303.1","5146.9","126.3","174","897","19","0"
"433","1306.1","5158.6","126.3","174","897","20","0"
"434","1309.1","5170.2","128.3","166","870","19","0"
"435","1312.6","5184.1","128.5","165","867","19","0"
"436","1315.6","5195.8","128.2","166","871","20","0"
"437","1318.6","5207.5","128.1","167","873","19","0"
"438","1321.6","5219.1","128.1","167","873","19","0"
"439","1324.6","5230.8","129.3","162","857","20","0"
"440","1327.6","5242.5","128.2","166","871","19","0"
"441","1330.5","5254.0","128.6","165","866","19","0"
"442","1333.6","5265.6","130.0","159","848","20","0"
"443","1337.1","5279.4","129.3","162","857","20","0"
"444","1339.6","5288.8","129.3","162","857","20","0"
"445","1342.6","5300.5","129.3","162","857","20","0"
"446","1345.6","5312.2","128.8","164","863","20","0"
"447","1348.6","5324.0","128.9","163","862","21","0"
"448","1351.6","5335.9","127.7","168","878","20","0"
"449","1354.6","5347.7","127.3","170","883","21","0"
"450","1357.6","5359.5","127.2","170","885","20","0"
"451","1360.6","5371.2","128.4","165","869","20","0"
"452","1363.6","5383.1","127.8","168","877","20","0"
"453","1366.6","5395.0","127.3","170","883","21","0"
"454","1369.1","5404.6","127.3","170","883","21","0"
"455","1372.1","5416.3","127.7","168","878","21","0"
"456","1375.1","5428.1","128.2","166","871","20","0"
"457","1378.0","5439.8","128.2","166","871","20","0"
"458","1381.1","5451.5","128.4","165","869","20","0"
"459","1384.0","5463.1","129.1","163","859","20","0"
"460","1387.1","5474.9","129.4","162","855","20","0"
"461","1390.1","5486.6","128.1","167","873","20","0"
"462","1393.5","5500.4","128.6","165","866","19","0"
"463","1396.6","5512.1","128.6","165","866","19","0"
"464","1399.5","5523.8","128.3","166","870","19","0"
"465","1402.5","5535.5","128.7","164","865","19","0"
"466","1405.6","5547.3","127.9","167","875","20","0"
"467","1408.6","5559.0","127.8","168","877","19","0"
"468","1411.6","5570.8","128.0","167","874","20","0"
"469","1414.5","5582.4","127.6","168","879","20","0"
"470","1418.1","5596.2","129.3","162","857","20","0"
"471","1421.1","5607.9","128.8","164","863","20","0"
"472","1424.0","5619.4","129.6","161","853","20","0"
"473","1426.6","5629.1","129.6","161","853","20","0"
"474","1430.1","5642.9","129.0","163","861","20","0"
"475","1433.0","5654.4","129.8","160","850","20","0"
"476","1436.0","5666.1","129.0","163","861","19","0"
"477","1439.0","5677.7","129.0","163","861","19","0"
"478","1442.0","5689.5","129.0","163","861","20","0"
"479","1445.0","5701.1","127.7","168","878","20","0"
"480","1448.0","5712.8","129.1","163","859","19","0"
"481","1451.0","5724.6","128.3","166","870","20","0"
"482","1454.0","5736.4","128.1","167","873","20","0"
"483","1457.0","5748.3","127.0","171","888","20","0"
"484","1460.0","5760.1","126.9","171","889","20","0"
"485","1463.0","5771.7","127.7","168","878","20","0"
"486","1466.0","5783.4","128.9","163","862","19","0"
"487","1469.0","5795.1","128.1","167","873","20","0"
"488","1472.5","5809.0","128.3","166","870","20","0"
"489","1475.6","5820.6","129.7","160","852","19","0"
"490","1478.5","5832.0","129.7","160","852","19","0"
"491","1481.5","5843.5","131.0","156","835","20","0"
"492","1484.5","5855.1","131.0","156","835","20","0"
"493","1487.5","5866.6","130.3","158","844","20","0"
"494","1490.5","5878.2","129.8","160","850","20","0"
"495","1493.5","5889.6","130.5","157","841","20","0"
"496","1496.5","5901.0","131.5","154","829","20","0"
"497","1499.5","5912.5","131.2","155","833","20","0"
"498","1503.0","5926.1","131.2","155","833","19","0"
"499","1506.0","5937.6","130.4","158","843","20","0"
"500","1509.0","5949.3","129.2","162","858","19","0"
"501","1512.0","5960.9","129.2","162","858","20","0"
"502","1515.0","5972.6","128.6","165","866","20","0"
"503","1518.0","5984.2","128.6","165","866","20","0"
"504","1521.0","5996.0","128.6","165","866","20","0"
"505","1524.0","6007.7","128.2","166","871","20","0"
"506","1527.0","6019.5","128.6","165","866","20","0"
"507","1530.0","6031.3","127.8","168","877","20","0"
"508","1533.0","6043.1","127.8","168","877","21","0"
"509","1535.5","6052.8","127.8","168","877","21","0"
"510","1538.5","6064.6","128.0","167","874","21","0"
"511","1541.5","6076.5","127.1","170","886","20","0"
"512","1544.5","6088.3","127.9","167","875","21","0"
"513","1547.5","6100.0","129.6","161","853","20","0"
"514","1550.5","6111.6","129.9","160","849","20","0"
"515","1553.5","6123.2","128.8","164","863","20","0"
"516","1556.5","6134.9","129.2","162","858","20","0"
"517","1559.5","6146.4","129.2","162","858","20","0"
"518","1562.5","6157.8","130.3","158","844","19","0"
"519","1565.5","6169.3","132.1","152","822","20","0"
"520","1568.5","6180.7","131.2","155","833","20","0"
"521","1571.5","6192.3","130.9","156","837","20","0"
"522","1574.5","6203.8","130.9","156","837","20","0"
"523","1577.5","6215.4","130.2","159","845","20","0"
"524","1580.5","6227.1","128.7","164","865","20","0"
"525","1583.5","6238.8","128.4","165","869","19","0"
"526","1587.0","6252.8","127.8","168","877","20","0"
"527","1590.0","6264.3","129.4","162","855","19","0"
"528","1593.0","6275.9","129.4","162","855","19","0"
"529","1596.0","6287.6","129.2","162","858","20","0"
"530","1599.0","6299.2","128.5","165","867","19","0"
"531","1602.5","6313.0","129.2","162","858","19","0"
"532","1605.5","6324.6","129.1","163","859","19","0"
"533","1608.5","6336.3","129.1","163","859","19","0"
"534","1611.5","6347.9","128.2","166","871","19","0"
"535","1614.5","6359.5","129.0","163","861","19","0"
"536","1618.0","6373.3","129.2","162","858","19","0"
"537","1621.0","6385.0","129.0","163","861","20","0"
"538","1624.0","6396.7","127.9","167","875","20","0"
"539","1627.0","6408.4","127.9","167","875","20","0"
"540","1630.0","6420.2","128.1","167","873","20","0"
"541","1633.0","6432.0","127.7","168","878","20","0"
"542","1636.0","6443.8","128.3","166","870","21","0"
"543","1639.0","6455.6","127.4","169","882","20","0"
"544","1642.0","6467.4","128.5","165","867","20","0"
"545","1645.0","6479.0","128.3","166","870","20","0"
"546","1647.5","6488.6","128.3","166","870","20","0"
"547","1650.5","6500.4","128.4","165","869","20","0"
"548","1654.0","6514.2","129.5","161","854","20","0"
"549","1657.0","6525.7","129.5","161","854","20","0"
"550","1660.0","6537.3","129.4","162","855","19","0"
"551","1663.0","6548.8","128.9","163","862","19","0"
"552","1666.5","6562.5","130.6","157","840","19","0"
"553","1669.0","6571.9","130.6","157","840","19","0"
"554","1672.0","6583.8","129.1","163","859","20","0"
"555","1675.0","6595.4","128.5","165","867","21","0"
"556","1678.0","6607.1","128.6","165","866","20","0"
"557","1681.0","6618.9","128.7","164","865","20","0"
"558","1684.0","6630.6","128.4","165","869","20","0"
"559","1687.0","6642.1","129.0","163","861","20","0"
"560","1690.0","6653.7","130.4","158","843","20","0"
"561","1693.0","6665.2","130.3","158","844","20","0"
"562","1696.0","6676.8","130.0","159","848","20","0"
"563","1699.0","6688.4","129.7","160","852","20","0"
"564","1702.0","6700.1","129.6","161","853","20","0"
"565","1705.0","6711.7","128.4","165","869","20","0"
"566","1708.5","6725.4","130.6","157","840","19","0"
"567","1711.5","6736.8","131.9","153","824","20","0"
"568","1714.5","6748.3","131.9","153","824","20","0"
"569","1717.5","6759.7","130.7","157","839","20","0"
"570","1720.5","6771.3","130.4","158","843","19","0"
"571","1723.5","6782.9","130.5","157","841","20","0"
"572","1726.5","6794.5","129.9","160","849","20","0"
"573","1729.5","6805.9","130.1","159","847","20","0"
"574","1732.5","6817.6","130.8","156","838","19","0"
"575","1735.5","6829.4","128.8","164","863","20","0"
"576","1738.5","6841.1","127.3","170","883","20","0"
"577","1741.5","6853.0","127.2","170","885","20","0"
"578","1744.5","6864.7","127.3","170","883","20","0"
"579","1747.5","6876.6","128.0","167","874","20","0"
"580","1750.5","6888.3","127.7","168","878","20","0"
"581","1753.5","6900.1","128.0","167","874","20","0"
"582","1756.5","6911.9","128.2","166","871","20","0"
"583","1759.5","6923.9","126.6","172","893","21","0"
"584","1762.5","6935.7","126.6","172","893","21","0"
"585","1765.5","6947.6","127.1","170","886","20","0"
"586","1768.5","6959.3","127.1","170","886","20","0"
"587","1771.5","6971.0","127.9","167","875","20","0"
"588","1774.5","6982.7","128.5","165","867","20","0"
"589","1777.5","6994.6","128.1","167","873","20","0"
"590","1780.5","7006.3","127.7","168","878","20","0"
"591","1783.5","7018.1","127.9","167","875","20","0"
"592","1786.5","7030.0","126.8","172","890","20","0"
"593","1789.0","7039.7","126.8","172","890","20","0"
"594","1792.0","7051.6","127.3","170","883","21","0"
"595","1795.0","7063.3","126.8","172","890","21","0"
"596","1798.0","7075.0","128.2","166","871","20","0"
"597","1801.0","7086.7","128.8","164","863","20","0"
"598","1804.0","7098.4","129.0","163","861","20","0"
"599","1807.0","7110.1","128.3","166","870","20","0"
"600","1810.0","7121.8","128.3","166","870","19","0"
"601","1813.0","7133.4","128.6","165","866","20","0"
"602","1816.0","7144.9","129.8","160","850","19","0"
"603","1819.0","7156.6","130.3","158","844","20","0"
"604","1822.0","7168.4","128.7","164","865","20","0"
"605","1825.0","7180.0","128.5","165","867","21","0"
"606","1828.0","7191.7","129.4","162","855","20","0"
"607","1831.0","7203.3","129.7","160","852","20","0"
"608","1834.0","7215.0","128.5","165","867","20","0"
"609","1837.0","7226.7","128.4","165","869","20","0"
"610","1840.0","7238.3","128.7","164","865","20","0"
"611","1843.0","7250.2","128.9","163","862","19","0"
"612","1846.0","7261.9","128.4","165","869","21","0"
"613","1849.0","7273.5","130.2","159","845","20","0"
"614","1852.0","7285.0","130.5","157","841","20","0"
"615","1855.0","7296.6","129.5","161","854","20","0"
"616","1858.0","7308.3","129.3","162","857","20","0"
"617","1861.0","7320.0","129.3","162","857","21","0"
"618","1863.5","7329.4","129.3","162","857","21","0"
"619","1866.5","7341.0","129.7","160","852","21","0"
"620","1869.5","7352.6","130.3","158","844","20","0"
"621","1872.5","7364.4","129.8","160","850","20","0"
"622","1875.5","7376.1","129.1","163","859","20","0"
"623","1878.5","7387.6","130.0","159","848","20","0"
"624","1881.5","7399.2","130.5","157","841","21","0"
"625","1884.5","7410.7","130.3","158","844","20","0"
"626","1887.5","7422.3","129.9","160","849","20","0"
"627","1890.5","7434.0","129.1","163","859","20","0"
"628","1893.0","7443.7","129.1","163","859","20","0"
"629","1896.0","7455.5","127.1","170","886","21","0"
"630","1899.0","7467.3","127.6","168","879","20","0"
"631","1902.0","7478.9","128.0","167","874","20","0"
"632","1905.0","7490.6","128.5","165","867","19","0"
"633","1908.0","7502.4","128.8","164","863","20","0"
"634","1911.0","7514.0","128.3","166","870","20","0"
"635","1914.0","7525.7","129.3","162","857","20","0"
"636","1917.0","7537.4","128.3","166","870","20","0"
"637","1920.0","7548.8","129.6","161","853","20","0"
"638","1923.0","7560.3","131.7","153","827","20","0"
"639","1926.0","7571.8","131.2","155","833","20","0"
"640","1929.0","7583.5","130.4","158","843","20","0"
"641","1932.0","7595.1","129.5","161","854","20","0"
"642","1935.0","7606.6","129.0","163","861","20","0"
"643","1938.0","7618.0","131.1","155","834","19","0"
"644","1941.5","7631.6","131.1","155","834","19","0"
"645","1944.5","7643.0","130.5","157","841","20","0"
"646","1947.5","7654.7","129.5","161","854","20","0"
"647","1950.5","7666.5","127.3","170","883","20","0"
"648","1953.5","7678.3","127.7","168","878","20","0"
"649","1956.5","7689.9","127.7","168","878","20","0"
"650","1959.5","7701.6","128.6","165","866","19","0"
"651","1962.5","7713.4","128.8","164","863","20","0"
"652","1965.5","7725.2","127.3","170","883","20","0"
"653","1968.5","7737.0","127.3","170","883","20","0"
"654","1971.5","7748.8","127.7","168","878","20","0"
"655","1974.5","7760.6","126.8","172","890","20","0"
"656","1978.0","7774.7","126.8","172","890","20","0"
"657","1981.0","7786.6","126.7","172","892","19","0"
"658","1984.0","7798.5","126.7","172","892","20","0"
"659","1987.0","7810.2","126.7","172","892","20","0"
"660","1990.0","7822.0","127.5","169","881","19","0"
"661","1993.0","7833.8","127.4","169","882","20","0"
"662","1996.0","7845.6","127.7","168","878","20","0"
"663","1999.0","7857.4","127.5","169","881","20","0"
"664","2002.0","7869.1","127.5","169","881","20","0"
"665","2005.0","7880.9","128.2","166","871","19","0"
"666","2008.0","7892.8","127.6","168","879","20","0"
"667","2011.0","7904.6","126.2","174","899","20","0"
"668","2014.0","7916.5","127.2","170","885","20","0"
"669","2017.0","7928.4","127.3","170","883","21","0"
"670","2020.0","7940.3","127.2","170","885","20","0"
"671","2023.0","7952.0","126.6","172","893","20","0"
"672","2026.0","7963.8","127.8","168","877","20","0"
"673","2029.0","7975.6","127.6","168","879","20","0"
"674","2032.0","7987.4","127.4","169","882","20","0"
"675","2035.0","7999.2","127.5","169","881","20","0"
"676","2038.0","8010.9","128.5","165","867","20","0"
"677","2041.0","8022.6","128.4","165","869","20","0"
"678","2044.0","8034.5","127.0","171","888","20","0"
"679","2047.0","8046.5","126.0","175","902","21","0"
"680","2049.5","8056.3","126.0","175","902","21","0"
"681","2053.0","8070.5","126.1","175","900","20","0"
"682","2056.0","8082.2","128.3","166","870","20","0"
"683","2059.0","8093.9","128.1","167","873","19","0"
"684","2062.0","8105.6","128.0","167","874","20","0"
"685","2065.0","8117.3","128.0","167","874","20","0"
"686","2068.0","8128.9","129.9","160","849","20","0"
"687","2071.0","8140.6","129.0","163","861","20","0"
"688","2074.0","8152.3","129.0","163","861","20","0"
"689","2077.0","8163.9","129.5","161","854","20","0"
"690","2080.0","8175.6","129.4","162","855","20","0"
"691","2083.0","8187.3","128.4","165","869","19","0"
"692","2086.0","8198.9","128.5","165","867","20","0"
"693","2089.0","8210.7","128.5","165","867","20","0"
"694","2092.0","8222.3","129.4","162","855","20","0"
"695","2095.0","8233.9","130.2","159","845","20","0"
"696","2098.0","8245.5","129.6","161","853","20","0"
"697","2101.0","8256.8","132.0","152","823","20","0"
"698","2104.0","8268.4","130.4","158","843","21","0"
"699","2107.0","8280.0","130.5","157","841","20","0"
"700","2110.0","8291.4","131.9","153","824","20","0"
"701","2112.5","8300.8","131.9","153","824","20","0"
"702","2115.5","8312.4","130.4","158","843","21","0"
"703","2118.5","8323.9","130.1","159","847","20","0"
"704","2121.5","8335.3","131.1","155","834","20","0"
"705","2124.5","8347.0","131.1","155","834","20","0"
"706","2127.5","8358.6","129.3","162","857","20","0"
"707","2130.5","8370.2","129.3","162","857","20","0"
"708","2133.5","8381.8","129.6","161","853","20","0"
"709","2136.5","8393.3","130.2","159","845","20","0"
"710","2140.0","8407.0","130.6","157","840","19","0"
"711","2143.0","8418.5","130.8","156","838","20","0"
"712","2146.0","8430.2","129.1","163","859","20","0"
"713","2148.5","8439.8","129.1","163","859","20","0"
"714","2151.5","8451.9","127.0","171","888","21","0"
"715","2154.5","8463.7","125.4","177","910","21","0"
"716","2157.5","8475.5","127.5","169","881","20","0"
"717","2160.5","8487.4","127.7","168","878","20","0"
"718","2163.5","8499.5","125.9","175","903","21","0"
"719","2166.0","8509.1","125.9","175","903","21","0"
"720","2169.0","8521.0","127.1","170","886","21","0"
"721","2172.0","8532.8","127.0","171","888","21","0"
"722","2175.0","8544.6","127.8","168","877","20","0"
"723","2178.0","8556.4","127.4","169","882","20","0"
"724","2181.0","8568.3","127.5","169","881","20","0"
"725","2184.0","8580.0","127.4","169","882","20","0"
"726","2187.0","8591.8","128.2","166","871","20","0"
"727","2190.0","8603.7","127.1","170","886","20","0"
"728","2193.0","8615.4","127.1","170","886","20","0"
"729","2196.0","8627.1","128.5","165","867","20","0"
"730","2199.0","8639.0","128.6","165","866","20","0"
"731","2202.0","8651.0","126.5","173","895","21","0"
"732","2204.5","8660.6","126.5","173","895","21","0"
"733","2207.5","8672.4","127.5","169","881","21","0"
"734","2210.5","8684.3","127.6","168","879","20","0"
"735","2213.5","8696.1","127.7","168","878","21","0"
"736","2216.5","8707.9","127.7","168","878","20","0"
"737","2219.5","8719.7","127.9","167","875","20","0"
"738","2222.5","8731.5","127.2","170","885","20","0"
"739","2225.5","8743.2","127.2","170","885","20","0"
"740","2228.5","8755.0","128.3","166","870","20","0"
"741","2231.5","8766.7","128.4","165","869","20","0"
"742","2234.5","8778.5","128.5","165","867","20","0"
"743","2237.5","8790.1","129.8","160","850","20","0"
"744","2240.5","8801.6","130.3","158","844","20","0"
"745","2243.5","8813.2","130.3","158","844","20","0"
"746","2246.5","8824.8","129.8","160","850","20","0"
"747","2249.5","8836.5","129.4","162","855","20","0"
"748","2252.5","8848.3","128.3","166","870","20","0"
"749","2255.5","8860.0","128.3","166","870","20","0"
"750","2258.5","8871.8","127.9","167","875","20","0"
"751","2261.5","8883.5","128.0","167","874","20","0"
"752","2264.5","8895.3","127.9","167","875","20","0"
"753","2267.5","8907.0","127.9","167","875","20","0"
"754","2270.5","8918.9","128.4","165","869","21","0"
"755","2273.5","8930.7","127.7","168","878","20","0"
"756","2276.5","8942.4","127.1","170","886","20","0"
"757","2279.5","8954.3","127.9","167","875","20","0"
"758","2282.5","8965.9","127.6","168","879","20","0"
"759","2285.5","8977.8","128.9","163","862","20","0"
"760","2288.5","8989.6","127.2","170","885","20","0"
"761","2291.5","9001.3","127.1","170","886","20","0"
"762","2294.5","9013.0","128.1","167","873","20","0"
"763","2297.5","9024.7","129.0","163","861","20","0"
"764","2300.5","9036.2","129.1","163","859","20","0"
"765","2303.5","9047.7","129.9","160","849","20","0"
"766","2306.5","9059.1","130.6","157","840","19","0"
"767","2309.5","9070.5","131.7","153","827","20","0"
"768","2313.0","9084.3","129.9","160","849","20","0"
"769","2316.0","9095.8","131.5","154","829","20","0"
"770","2318.5","9104.9","131.5","154","829","20","0"
"771","2321.5","9116.3","132.7","150","815","20","0"
"772","2324.5","9127.8","132.1","152","822","20","0"
"773","2327.5","9139.3","131.7","153","827","21","0"
"774","2330.5","9150.8","131.4","154","830","20","0"
"775","2333.5","9162.4","131.1","155","834","20","0"
"776","2336.5","9173.7","130.9","156","837","20","0"
"777","2339.5","9185.1","133.9","146","801","21","0"
"778","2342.0","9194.2","133.9","146","801","21","0"
"779","2345.0","9205.3","136.3","138","775","21","0"
"780","2347.5","9214.3","136.3","138","775","21","0"
"781","2350.5","9225.1","137.4","135","764","22","0"
"782","2353.0","9234.1","140.3","127","736","21","0"
"783","2356.5","9247.7","131.4","154","830","20","0"
"784","2359.5","9259.0","132.6","150","816","20","0"
"785","2362.0","9268.3","132.6","150","816","20","0"
"786","2365.5","9281.8","132.4","151","818","20","0"
"787","2368.5","9293.2","131.6","154","828","20","0"
"788","2371.5","9304.8","130.3","158","844","20","0"
"789","2374.5","9316.3","130.0","159","848","20","0"
"790","2377.0","9325.7","130.0","159","848","20","0"
"791","2380.0","9337.3","129.9","160","849","20","0"
"792","2383.0","9348.9","130.3","158","844","20","0"
"793","2386.0","9360.6","129.4","162","855","20","0"
"794","2389.0","9372.3","129.2","162","858","20","0"
"795","2392.0","9384.0","129.1","163","859","20","0"
"796","2395.0","9395.6","128.9","163","862","20","0"
"797","2398.0","9407.2","128.9","163","862","20","0"
"798","2401.0","9418.7","130.1","159","847","20","0"
"799","2404.0","9430.2","130.5","157","841","20","0"
"800","2407.5","9443.9","130.8","156","838","19","0"
"801","2410.5","9455.3","130.7","157","839","20","0"
"802","2413.5","9467.0","129.5","161","854","20","0"
"803","2416.5","9478.5","129.5","161","854","20","0"
"804","2419.5","9490.0","131.1","155","834","20","0"
"805","2422.5","9501.6","129.4","162","855","20","0"
"806","2425.5","9513.3","129.4","162","855","20","0"
"807","2428.5","9525.0","128.5","165","867","20","0"
"808","2431.5","9536.7","128.2","166","871","20","0"
"809","2434.5","9548.2","129.3","162","857","20","0"
"810","2437.5","9559.8","130.3","158","844","21","0"
"811","2440.5","9571.4","129.7","160","852","20","0"
"812","2443.5","9583.0","129.6","161","853","20","0"
"813","2446.5","9594.6","130.6","157","840","20","0"
"814","2449.0","9603.9","130.6","157","840","20","0"
"815","2452.0","9615.6","130.6","157","840","21","0"
"816","2455.0","9627.1","130.1","159","847","21","0"
"817","2458.0","9638.5","131.2","155","833","20","0"
"818","2461.0","9650.0","131.5","154","829","20","0"
"819","2464.0","9661.6","130.9","156","837","21","0"
"820","2467.0","9673.1","130.2","159","845","20","0"
"821","2470.0","9684.5","131.1","155","834","20","0"
"822","2472.9","9695.9","131.5","154","829","20","0"
"823","2475.9","9707.4","131.5","154","829","20","0"
"824","2479.0","9718.9","131.3","155","832","20","0"
"825","2481.9","9730.4","131.3","155","832","20","0"
"826","2485.0","9742.0","130.3","158","844","20","0"
"827","2488.0","9753.6","130.8","156","838","20","0"
"828","2491.0","9765.3","129.6","161","853","21","0"
"829","2494.0","9776.9","129.5","161","854","20","0"
"830","2497.0","9788.6","128.9","163","862","21","0"
"831","2500.0","9800.1","128.9","163","862","21","0"
"832","2503.0","9811.7","130.4","158","843","20","0"
"833","2505.9","9823.1","130.4","158","843","20","0"
"834","2509.0","9834.7","130.4","158","843","19","0"
"835","2512.0","9846.2","130.3","158","844","19","0"
"836","2515.0","9857.9","130.0","159","848","19","0"
"837","2518.0","9869.7","128.6","165","866","21","0"
"838","2521.0","9881.5","128.2","166","871","20","0"
"839","2523.9","9893.3","128.0","167","874","21","0"
"840","2526.4","9902.9","128.0","167","874","21","0"
"841","2529.4","9914.6","128.5","165","867","21","0"
"842","2532.4","9926.3","128.7","164","865","21","0"
"843","2535.5","9937.8","129.6","161","853","21","0"
"844","2538.4","9949.3","130.5","157","841","20","0"
"845","2541.4","9960.8","130.3","158","844","19","0"
"846","2544.5","9972.1","131.6","154","828","20","0"
"847","2547.4","9983.5","132.2","151","821","19","0"
"848","2550.4","9995.0","132.0","152","823","20","0"
